1990,1991,1992,1993,1994,1995,1996,1997,1998,1999,2000,2001,2002,2003,2004,2005,2006,2007,2008,2009,2010,2011,2012,2013,2014
0.55,0.55,,0.34,0.49,0.49,,,,0.08,0,0,0.45,0.55,0.43,0.58,0.62,0.61,0.64,0.66,0.68,0.71,0.72,0.7,
0.97,0.98,0.99,1.01,0.98,0.97,0.97,0.98,0.98,0.98,0.98,0.99,0.96,0.96, , , , , , , , , , ,
0.84,0.85,0.86,0.86,0.87,0.88,0.89,0.9,0.91,0.91,0.91,0.91,0.92,0.92,0.92,0.92,0.93,0.94,0.94,0.94,0.94,0.94,0.94,0.95,
1.01,1.02,1.02,,,,,,,,,,,,,,,,,,,,,,
0.92,0.91,0.86,,,,,,0.82,,, ,, , ,,, ,0.86,0.85,0.81,0.64,,,
,,0.92,,,,,,,, ,,,,,,,0.97,0.96,0.96,0.92,0.92,0.93,,
0.99,0.99,,,,,0.99,1,0.99,0.99,0.98,0.99,0.99,0.99,0.99,0.99,0.98,0.99,0.99,0.99,0.98,0.99,0.99,,
,1.05,1.03,1.03,1.04,1.02,1.02,1.05,,1.08,1,1.02,1.02,1.03,1.06,1.08,1.1,1.1,1.1,1.14, , , , ,
,,,,,,,,,0.98,0.97,0.97,0.95,0.93,0.92,0.94,0.96,0.96,0.96,0.97,0.99,0.97,1.03,,
1,1,1,1,1,1,1,0.99,1,1,1,1,1,1,1,1,1,1,1,1,1,1,1,0.99,
1,1,0.99,0.99,0.99,0.99,0.99,0.99,0.99,0.99,0.99,0.99,0.99,0.99,1,0.99,0.99,0.98,0.98,0.99,0.99,0.99,1,1,
,0.99,1,0.99,0.96,1.14,1.1,0.99,0.99,1,0.98,0.98,0.98,0.94,0.96,0.95,0.94,1,0.99,0.99,0.99,0.98,0.98,,
,,1.01,1.02,,1,1.04,1,1,0.97,,,1,,0.99,0.99,0.99,0.99,1,1.03,1.02,,,,
1.03,1.01,1.01,1.02,1.02,1.01,1,0.99,0.98,0.97, , , , , , , ,, , , , , , ,
0.84,,,,,,,,, ,,,, ,,1.05,1.06,1.08,1.07,1.05,1.07,1.06,, ,
0.98,,1.01,,,,,,,1.04,1.05,1.06,1.07,1.06,1.06,1.07,1.05,1.07,1.05,1.04,1.02,0.99,,,
,,,0.99,0.99,0.96,0.96,0.95,0.96,0.98,0.99,0.99,0.99,0.99,0.97,0.97,0.98,0.98,1,0.99,1,1,1,1,
1.01,1.01,1.01,0.99,0.99,0.99,0.99,,,0.99,0.99,0.99,0.99,0.99,1,1,0.99,1,1,1,1,1,0.99,1,
,0.96,0.95,0.95,0.95,0.96,0.95,0.96,,0.96,0.95,0.96,0.96,0.97,0.97,0.96,0.97,0.98,0.97,0.97,0.97,0.97,0.97,0.96,
0.5,0.49,0.5,0.51,0.54,0.55,0.57,0.59,0.62,0.64,0.67,0.68,0.7,0.72,0.75,0.77,0.8,,0.84,0.86,0.88,0.88,0.89,0.9,
,,,,,1,,1,,,,1.01,1.04,1.04,1.06,1.05,1.07,,,,1,0.98,0.97,0.97,
,0.6,0.75,0.76,0.77,0.78,0.8,0.82,0.83,0.85,0.87,0.89,0.91,0.94,0.97,0.97,0.99,0.99,1.01,1.02,1.02,1.02,1.02,1.01,
0.93,0.94,0.94,0.96,0.96,0.96,0.97,0.97,0.98,0.98,0.99,0.99,0.99,0.99,1,,1,1,0.99,0.99,0.99,0.98,0.98,0.97,
1.07,1.07,1.05,1.04,1.03,1.01,1.01,1.01,1,1,1,1,0.99,0.99,0.98,0.99,0.98,0.97,0.97,0.97,,,0.97,,
,0.94,0.95,0.97,0.97,0.97,0.98,0.97,0.97,0.95,0.97,0.97,0.97,0.98,0.98,0.99,0.99,0.98,0.99,0.99,0.99,0.99,0.98,0.99,
0.98,0.98,0.98,0.98,1,0.99,0.98,0.98,0.97,0.97,0.97,0.97,0.98,0.98,0.98,0.99,0.99,0.99,1,1,1,1,0.99,0.99,
0.63,0.64,0.65,0.65,0.66,0.66,0.67,,0.69,0.7,0.71,0.72,0.74,0.75,0.78,0.8,0.82,0.84,0.87,0.89,0.91,0.93,0.95,0.97,
0.8,0.84,0.82,0.82,,0.8,0.85,0.84,0.81,0.78,0.79,0.79,0.77,0.79,0.82,0.84,0.89,0.91,0.93,0.95,0.97,0.98,0.99,1.01,
,,,,0.84,0.82,,0.83,0.84,0.87,0.88,0.89,0.9,0.91,0.92,0.93,0.94,0.94,0.94,0.94,0.96,0.95,0.95,0.93,
0.86,0.86,0.92,,0.9,0.9,0.86,0.87,0.83,0.82,0.85,0.87,0.86,0.85,0.86,0.84,0.84,0.86,0.86,0.87,0.86,0.87,0.88,,0.89
0.99,0.98,0.99,0.99,0.99,0.99,0.99,,1,1,1,,,,0.99,0.99,0.99,1,1,1,1,1.01,1.01,,
0.97,0.99,,,0.97,,,,0.96,0.95,0.96,0.96,0.96,0.95,0.95,0.95,0.95,0.94,0.94,0.93,0.93,0.92,0.91,0.92,
,,,,,,,,, , , , ,, , , , , ,,, , , ,
0.63,0.64,0.66,,,,,,,,,0.68,0.67,0.69,0.66,0.69,0.69,0.7,0.7,0.71,0.71,0.73,0.74,,
0.44,0.46,0.48,0.48,0.48,0.49,0.5,0.53,0.55,0.59,0.61,0.64,0.65,0.67,0.66,0.68,0.68,0.7,0.71,0.71,0.74,0.75,0.76,0.77,
,,,,,,,,,,,,,,,,,,,,,,,,
0.98,0.98,0.98,0.98,,,0.97,0.97,0.97,0.97,0.98,,0.98,0.97,0.95,0.96,0.95,0.95,0.95,0.95,0.97,0.97,0.97,0.97,
0.9,0.91,0.93,0.93,0.94,0.96,0.97,0.98,0.99, , ,1.01,1.01,1.01, , ,1,1,1,1,1,1,1,1.01,
,,,,,1,0.99,,0.98,0.97, , , , , , , , ,0.98,0.98,0.98,0.98,0.98,0.98,
0.95,0.96,0.96,0.96,,,,,,0.99, , , , , , , , , , , , , , ,
1.15,1.02,1.06,1.02,0.99,0.99,1,,0.97,1,1,0.99,0.99,,0.99,0.98,0.98,0.99,0.99,1,0.98, , , ,
0.7,0.73,0.84,0.87,0.82,,,,0.85,0.85,0.85,,0.82,0.82,0.88,,,0.9,0.92,,,0.85,,0.94,
0.94,0.92,0.94,0.94,0.94,0.85,0.94,0.9,0.9,0.96,0.92,0.94,0.94,0.94,0.94,0.93,0.91,0.93,0.93,0.93,0.95,0.94,1.07,,
,,,,,,,,1,0.95,1.01,0.96,0.96,0.97,,1.03,,0.95,,1.01,0.99,0.97,0.95,0.98,
0.99,0.99,0.99,0.99,1,1,1,0.99,0.99,0.99,0.98,0.99,0.98,,0.99,0.98,0.99,0.99,0.99,0.99,0.99,0.99,0.99,0.99,
0.71,0.71,0.71,0.71,0.72,0.73,0.73,0.74,0.75,0.75,0.75,0.77,0.74,0.8,,,0.8,0.8,0.8,0.82,,0.84,0.85,0.87,
,,,1,1,0.99,0.99,0.99,0.99,0.98,0.99,0.99,0.99,0.99,,1,0.99,1,1,1,1,0.99,1,,
0.96,0.97,0.99,0.99,1,1,0.97,0.97,0.96,0.97,0.96,0.96,0.96,0.96,0.96,0.96,0.97,0.97,0.98,0.98,0.98,0.98,0.99,0.99,
1,1,0.99,1,1,1,0.99,1,,1,1,1,1,1,1,1,1,0.99,0.99,0.99,1,0.99,1, ,
1,1,1.17,1.01,1,0.99,0.99,0.99,0.99,0.99,0.99,0.99,0.99,0.99,0.99,0.99,0.99,0.99,0.99,0.99,1,1,1.01,1.01,
0.71,0.75,0.76,0.78,0.75,0.69,,,0.74,0.91,,,0.79,,,,,0.81,0.84,0.85,0.87,0.87,0.88,0.9,
1,1,1,1,1,1,1,,1,1,1,1,1,,1,1,1,1,1.01,1,1,0.99,0.99,0.99,
0.74,0.72,0.73,0.78,0.78,0.78,0.75,0.75,0.76,0.72,0.74,0.75,0.77,,0.8,0.82,0.82,0.87,0.89,0.9,,0.91,0.9,0.88,0.87
0.94,0.98,1.01,1.07,1.11,1.14,,,,1.03,1.02,1.01,1,1.01,1,1,0.99,0.97,0.97,0.97,0.98,0.99,0.97,0.98,
,,,,,,,,0.97,0.98,0.97,,1.01,1.01,0.95,0.95,0.95,0.94,0.93,0.86,0.88,0.91,0.91,,
,,,0.99,0.99,0.99,0.99,0.99,1,1,0.99,1,1,1,1,1,0.99,1,,1.01,1,1,1,1,
0.84,0.83,0.85,0.86,0.85,0.88,0.76,0.87,,0.92,0.92,0.93,0.94,0.95,0.96,0.94,0.94,0.95, ,0.96,0.96,0.94,0.96,0.98,
,0.99,0.99,0.99,,1,0.98,0.99,0.98,0.97,0.96,0.97,0.96,0.97,0.97,0.97,0.97,1,0.97,0.97,0.96,0.96,0.96,0.96,
,,,0.94,0.96,,,,,,0.82,0.96,0.94,0.97, ,0.95,,,0.95,0.96,0.97,0.98,0.98,,
 , , , , , , , ,, , , , , , , , , , , , , , , ,
0.97,0.97,0.97,0.98,0.98,0.97,0.98,0.98,0.97,0.97,0.97,0.96,0.96,0.96,0.97,0.97,0.98,0.99,0.99,0.99,1,1.01,1.01,1,
0.66,0.67,0.73,0.7,0.63,0.6,0.57,0.56,0.59,0.61,0.65,0.69,0.72,0.73,0.78,0.84,0.87, , , , , , ,,
,1,0.99,,0.99,1,0.98,0.98,0.99,0.99,0.98,0.99,1.01,1,0.99,,0.99,0.98,1,0.98,,1,1.01, ,
0.99,0.99,1,1,1,1,1,1,1,1,0.99,0.99,0.99,0.99,0.99,0.99,1,1,0.99,0.99,0.99,0.99,0.99,1,
0.98,0.98,0.98,0.98,0.98,0.98,0.98,0.99,0.99,0.99,0.99,0.99,0.99,0.99,0.99,0.99,0.99,0.99,0.99,0.99,0.99,1,1,1,
,,,,0.97,0.99,0.99,,,,,,,,,,,,,,,,,,
0.96,0.96,0.97,0.98,0.97,0.98,0.97,,,,,,,,,,,,,,,,,,
,,1,,1,1,1,1,,1,,1,1,1,,,,,,,,0.97,,,
,,0.69,0.71,0.73,0.75,0.78,0.8,0.82,0.84,0.87,0.9,0.9,0.98,1.01,1.03,1.05,1.05,1.06, ,1.02,1.04,1.04,1.04,
,1,0.99,1,0.93,0.98,1.01,0.99,1,0.99,0.99,1.01,1.01,0.98,0.96,0.97,1.02,0.98,1,1.01,1.03,1.03,1.01,1.01,
,,1.01,0.99,0.99,0.99,0.99,0.99,0.99,0.99,0.99,0.99,0.99,1,1,1,1,1,1,1,1,0.99,1,0.99,
0.84,0.86,0.87,0.88,0.89,0.9,,,,0.92,0.93,0.94,0.94,0.98,0.94,0.96,0.98,0.98,0.98,0.98,,0.99,0.96,1,1
1,0.99,1,1,1,1.02,1,1.01,1,1,1,1,0.99,0.99,0.99,1,1,1,,,1,1,1,,
,,,0.99,0.94,0.93,0.98,0.99,0.93,0.97,0.97,0.95,0.95,1,0.96,0.97, ,0.98,0.95,0.94,0.97,,,0.96,
,0.97,0.98,0.97,0.97,,,,,,,,,,,,,,,,,,,,
,0.87,0.87,0.87,0.86,0.86,0.86,0.86,0.87,0.87,0.89,0.9,0.91,,0.92,0.92,0.93,0.94,0.94,0.96,0.96,0.97,0.96,0.96,
0.45,0.46,0.46,0.46,0.49,0.51,0.53,0.56,0.59,0.62,0.67,0.7,0.73,0.76,0.78,0.8,0.83,0.84,0.84,0.84,0.82,0.85,0.84,0.85,
,,0.55,0.55,0.56,0.58,0.58,0.58,0.58,,0.67,,,,,,,,,,0.93,,,,
,0.96,0.94,0.95,,0.99,1.03,1.05,,1.01,0.97,0.96,,0.98,,1.02,1.04,1.04,1.06,1.08,1.1,1.12,1.13,,
,,0.96,0.95,0.95,0.95,0.95,0.96,0.98,,, ,,,, ,,,, ,,, ,,
1.01,1.01,1.01,1.01,1.01,1.01,1.02,1.02,1.04,1.01,1.01,,,0.99,0.99,0.99,0.99,1,1,1,1,1,1,0.99,
1,0.99,0.99,,0.98,0.99,0.98,0.98,0.98,0.98,0.98,0.98,0.98,0.98,0.98,0.98,0.98,0.98,0.99,0.99,0.99,0.99,0.99,0.99,
,,,1,1,1,1.01,1.01,0.99,0.98,0.98,0.99,0.99,0.98,0.98,0.98,0.99,1,1,1,1.01,1.01,1.01,,
0.74,0.76,0.77,0.8,0.81,0.81,0.82,0.83,0.83,0.84,0.84,0.85,0.87,0.97, , , ,0.98,1.01,1.02,1.01,1.02,1.03,,
0.96,0.98,0.99,0.97,0.97,0.96,0.96,0.97,0.94,0.97,0.97,0.98,0.98,0.98,0.99,0.98,0.98,0.97,0.99,0.99,1.04,1.04,1,,
0.89,0.9,0.92,0.93,0.94,0.93,0.93,0.93,0.93,0.94,0.94,0.95,0.95,0.96,0.97,0.98,0.98,0.99,0.99,0.99,0.99,0.99,0.99,1.02,
,0.85,0.86,0.85,,,0.86,,,0.83,0.83,,,0.85,0.84,,,0.84, , ,, , , ,
1.01,1.01,1,1,1,1,1,1,0.99,0.99,0.99,0.99,0.99,0.99,0.99,1,0.99,1,1,1,1,1,1,,
1.03,1.03,1.01,1.01,1,,,,,0.99,0.99,1,1,1,1,1.01,1.01,1.01,1.01,1.01,1,1,1,1,
1,1,1,1.03,1.04,0.98,0.99,0.99,0.99,0.99,1,0.99,0.98,0.99,0.99,0.99,0.99,0.99,0.99,0.99,0.99,0.99,0.99,,
0.99,1,,0.97,,,,,,1,0.99,0.99,0.99,0.99,0.99, ,, , , , , , , ,
1,1,1,1,1,1,1,1,1,1,1,1,1,1,1,1,1,1,1,1,1,1,1,,
1,1.01,1.02,1.01,1.01,1.01,1.01,,1.01,1.02,1.01,,1.01,1.01,1.01,1.01,1.02,1.01,1, ,0.98,0.98,0.98,,
1.05,1.04,1.06,1.06,1.01,1.01,1.01,1.01,1.02,1.01,1.01,1,1,1,1,1,1,1,0.99,1,1,1.01,1.01,1.01, 
0.97,0.97,0.97,0.98,0.99,0.98,,,0.98,0.97,0.99,0.98,0.95,0.95,0.94,0.96,0.97,0.99,0.98,0.98,,,1,,
1.01,1.01,1.02,1.03,1.02,1.03,1.03,1.02,1.02,1.01,0.97,1.03,1.01,0.99,1.03,1.02,1,1.03,1.04,1.04,,,,,
1.01,1.01,1.01,1.01,1.02,1.02,1.02,1.02,1.02,1.01,1.01,1,1,0.99,0.99,0.99,0.99,0.99,0.99,0.99,0.99,0.99,,0.99,0.99
0.98,0.96,0.98,1,1.02,1.07,1.01,1.03,1.03,1.01,1,0.98,0.97,0.99,0.99,0.98,0.99,0.99, , , , , , ,
1.02,,1.01,1.01,1.02,1.01,0.97,0.95,0.94,0.99,0.98,0.98,0.98,0.99,1,0.99,0.99,0.99,1,1,0.99,0.99,0.98,0.98,
0.79,0.79,0.8,0.79,0.79,0.81,0.81,0.82,0.83,0.85,0.85,0.86,0.86,0.87,0.88,0.88,0.88,0.89,0.9,0.91,0.93,0.94,0.95,0.95,
1.07,1,1.01,1.01,1,0.97,0.97,0.97,0.98,0.98,0.98,0.98,0.98,0.97,0.96,0.96,0.97,0.96,0.96,0.98,0.99,1,0.99,0.99,
,,1,,1,0.99,0.99,0.97,0.97,0.97,0.97,0.99,0.96,0.94,0.93,0.92,0.91,0.91,0.91,0.92,0.91,0.91,0.91,0.92,
1.25,1.26,1.23,1.2,1.17,1.15,1.14,1.11,1.11,1.1,1.05,1.03,1.02,1.02,1.01,1.01,1,1,1,1,0.98,0.97,0.97,0.98,
,,,,,,,,0.65,0.75,0.74,,,,,,0.92,,0.91,0.9,,0.92,,,0.92
,,,,,,,,,0.99,,1.02,1,0.97,0.97,0.99,0.96,,,,,,,,
,,,,,,,,,,,,,1.02,0.99,,1.03,0.99,0.96,1.02,0.94,1.01,1.02,,
,0.93,0.94,0.95,0.92,0.97,0.97,0.97,0.98,0.98,0.99,0.99,0.99,0.99,0.99,0.99,0.99,0.98,0.97,0.97,0.98,0.98,0.99,0.99,
,1.08,,,,,,,,1.01,1.01,1,0.99,1,1,1,1.01,1,1.01,,1.01,1.02,1.01,,
0.96,0.98,0.92,0.96,0.97,1.04,0.96,,0.96,0.97,0.96,0.96,0.96,0.96,0.96,0.96,0.96,0.97,0.97,0.98,0.98,0.98,0.99,0.99,
0.87,0.87,0.87,0.95,0.96,0.92,0.92,,,0.96,0.97,0.97,0.97,,1.03,1.03,1.04,1.04,1.03,1.03,1.04,1.04,1.04,1.03,
1,1,1,1,1,1,1,,1,0.99,1,0.99,0.98,0.96,0.95,0.94, , , , , , , ,,
,,1,0.99,0.98,0.97,0.97,0.97,1.01,1.01,1,1,0.99,0.98,0.97,0.98,0.97,0.97, , , , , ,,
0.61,0.61,0.61,0.62,0.64,0.69,0.67,0.67,0.71,0.72,0.75,0.74,0.76,0.77,0.79,0.8,0.82,0.83,0.85,0.86,0.87,0.88,0.88, ,
0.97,0.97,0.98,0.98,0.98,0.97,0.99,0.99,1,1,1,0.99,0.98,0.98,0.98,0.97,0.99,1,1.01,1.02,1.02,1.02,1,,
,,,,,,,,,0.99,,,0.93,1.02,0.95,1.26,1,0.99,1.01,1,,0.99, ,,
0.96,0.97,0.97,0.99,0.98,0.98,0.97,,,,,,,,,,,,,,,,,,
0.73,0.75,0.78,0.82,0.84,0.84,0.87,0.91,0.94,0.97,0.97,0.96,0.98,1,1.01,1.03,1.02,1.03,1.04,1.05,1.05,1.06,1.05,1.05,
1.01,1.01,1.01,1.01,1,1,0.99,1,1,1,0.99,0.99,1,1,0.99,0.99,0.99,0.99,0.99,0.99,0.99,0.99,0.99,0.99,
0.97,0.97,0.97,0.96,0.95,0.94,0.93,0.93,0.93,0.94,0.94,0.95,0.96,0.96,0.97,0.97,0.98,0.99,1,1,1,1,1,1,
,,,,,,,,, ,, ,,,0.98,0.97,,1.01,,,,,,,0.99
,0.99,1.01,1.01,1.04,1.03,1.01,1.03,1.02,1.01,1.01,1.01,1.01,1,0.99,1,1,0.99,0.99,0.98,0.98,0.98,0.97,0.97,
,,,,,,,,,,,,,0.99,0.99,0.99,0.99,1,1,0.98,0.98,1,1.01,,
,,,,,,,,, , , ,0.96,,0.97,1.04,1,1.12,,,,,,,
0.68,0.69,0.7,0.71,0.72,0.74,0.75,0.77,0.79,0.82,0.85,0.88,0.9,0.91,0.91,0.91,0.91,0.91,0.92,0.93,0.94,0.95,0.95,0.95,0.95
0.76,0.74,0.75,0.74,0.73,0.72,,,0.73,0.74,0.75,0.77,0.79,,0.83,0.84,0.86,0.87,0.88,0.89,0.9,0.9,0.91,0.91,
0.93,0.94,0.94,0.94,0.94,0.94,,,,0.97,0.98,0.98,0.99,0.99,1,1,0.99, ,0.99,0.98,0.99,,,,
1.09,1.04,1.02,1.01,1,0.99,1,1,1,1.01,1,1,1.01,1,1,1,1,0.99,0.98,0.98,0.98,,0.97,,
,,,,,,,,0.96,,1.33,1.09,0.97,0.99,1.02,1.05,0.99,1.04,1.06,,,,1.03,,
0.59,0.62,0.65,0.66,0.69,0.7,0.72,,,0.76,0.78,0.83,0.85,0.87,0.88,0.92,0.96,1,1.03,1.05,1.07,1.09,1.08,1.08,1.09
1.03,1.03,1.02,1.03,0.98,0.98,0.98,0.98,0.98,0.98,0.98,0.98,0.98,0.98,0.97,0.98,0.98,0.98,0.98,0.98,0.99,0.99,0.99,0.99,
0.98,0.99,0.99,0.99,1,1,1,0.99,1,1,1,0.99,0.99,0.99,0.99,0.99,0.99,1,1,1,1,1.01,1,1,
1.07,1.06,1.04,1.04,1.03,1.03,1.03,1.03,1.03,1.01,1.01,1.01,0.99,0.98,0.98,0.97,0.98,0.98,0.98,,0.98,,,,
0.6,0.6,0.61,0.61,0.58,0.63,0.63,0.64,0.66,0.67,0.68,0.69,0.69,0.7,0.71,0.72,0.73,0.74,0.78,0.79,0.82,0.83,0.84,0.84,
0.79,0.81,0.82,0.81,0.82,0.83,0.86,,,0.81,0.81,0.83,0.83,,0.84,0.85,0.87,0.89,0.9,0.9,0.92,,, ,
,,,,,,,,0.87,1,,0.96,,,1.03,0.89,,,,,,,,,
1,1,1,1,1,1,1,1,1,1,1,1,1,1,1,1,1.01,1,1,1,1,1,1,1,
0.9,0.92,0.93,0.95,0.98,0.99,0.97,0.98,0.99,0.98,0.97,0.98,0.96,0.96, ,0.99,1,0.98,0.97,0.94, ,1.01,1.01,1.07,
0.53,,,,,,,,,,0.68,0.68,0.68,0.73,0.73,0.77,0.79,0.83,0.84,0.85,0.85,0.86,0.87,0.87,
,,,,,,,,,0.93,0.97,,,,0.97,,,,,,,,,0.98,0.96
0.96,,,,,,,,,0.97,0.97,0.97,0.97,0.97,0.97,0.97,0.97,0.97,0.97,0.97,0.96,0.97,0.97,0.97,
0.84,0.85,0.85,0.86,0.86,0.87,0.86,0.87,0.87, ,0.86,0.86,0.85,0.86,0.87,0.85,0.85,,0.89,,,,0.91,,
0.96,0.97,0.96,0.97,0.97,0.97,0.97,0.97,0.97,0.96,0.96,0.96,0.96,0.97,0.97,0.97,0.97,0.97,0.97,0.97,0.96,0.96,0.97,,
,0.97,0.97,0.97,,0.97,,,0.99,0.99,0.99,1,1,0.99,0.99,1,0.99,0.99,1,1,1,0.99,0.99,0.99,
0.98,0.99,1,1,1.02,0.99,0.98,1,1,1,,1,0.99,0.99,0.99,0.99,0.99,0.99,0.98,0.98, , ,,0.96,
0.98,0.98,0.97,0.98,0.98,0.98,0.99,0.98,0.97,0.98,0.99,0.99,0.99,0.99,0.99,0.99,0.99,0.99,0.99,0.99,0.99,1,1,1,
0.96,0.95,0.96,0.96,0.95,0.95,0.95,,0.96,0.96,0.96,0.98,0.96,0.95,0.95,0.95,0.95,0.94,0.94,0.97,0.97,0.98,0.98,0.98,
,,,,,,,,,,,,,,,,,,,1.04,1.04,1.04,1.05,1.02,
0.94,0.94,0.93,0.96,0.96,0.99,1.05,1.08,0.99,1.06,1.05,1.05,0.93,0.89,0.87,0.9, , , , , , , , ,
0.99,1,1,0.99,1,0.99,,,,1,0.99,1,0.99,0.99,0.99,0.99,0.99,0.98,0.98,0.98,1,0.99,1,1,
,,,,0.98,,,,,,,,,,,,,,,,,,,,
0.99,1,1,0.99,0.99,0.99,0.99,0.99,0.98,0.98,0.98,0.98,0.98,0.98,0.98,0.99,0.99,0.99,0.98,0.99,0.99,0.98,0.99,,
1,1,1,1,1,0.99,,,,0.99,0.99,0.99,0.99,1, ,1,1,1,1,1,,1.01,1.01,1.01,
0.99,0.99,0.98,,,,,0.98,0.96,0.96,0.94,0.95,0.95,0.95,0.97,1,1.03,1.02,1.03,1.03,1.03,1.03,1.02,1.02,
 , , , , , , , , , , , , , , , , , , , , , , , , 
0.94,0.99,0.97,0.98,0.99,1.01,,,0.98,,1.04,1.09,1.05,1.02,1.05,1.02,,1,1.01,1.02,1,1.02,1.01,1.03,
0.95,0.95,0.93,0.93,,,,0.93,,0.95,0.97,0.95,0.97,0.95,0.95,0.96,0.92,0.95, , , , , , ,
,0.99,,,0.95,,,,0.92,0.92,0.95,0.95,0.96,0.97,0.96,0.91,,0.95,0.92,0.93,0.93,0.97,0.96,0.95,
,,,,1.02,1.03,1.02,1.03,1.05,1,1.02,1.02,1.01,1.01,1.01,1.01,1,1,,0.97,0.99,1,1,,
,,,,,,,,,,,,,,,,,,,1.01,1.13,0.99,0.99,,
0.91,0.92,0.97,,,,0.97,,0.82,0.97,,,0.96,0.97,0.98,0.97,,1,0.98,1.01,0.99,0.97,0.97,0.98,0.96
,,,,,,,,,,,,,, ,0.99,,0.99,0.99,0.99,1.02,1.03,1.06,1.04,1.05
0.73,0.74,0.75,0.75,0.75,0.77,0.8,0.82,0.84,0.83,0.87,0.89,0.9,0.92,0.95,0.96,0.98,1,1.02,1.04,1.05,1.06,1.08,,1.09
,,,,,,,,,0.99,0.99,1,0.99,1,1,1.01,1,1,1,0.99,0.99,1,1,1,
,1,0.99,0.98,1.01,1.01,1.02,1.01,1.01,1.03,1.03,1.02,1,0.99,0.99,0.97,,1.03,1.04,1.04,1.04,1.05,1.03,1.01,
0.68,0.69,,,,,,,,,0.92,0.7,,, , ,, ,,,,0.95,0.99,1,
,0.99,0.99,1,1,1,1,1,0.99,0.98,0.99,0.99,1,0.99,0.99,0.99,0.99,1,1,1,1,1,1,0.99,
,,,0.99,1,1,1,0.99,1,0.99,1.02,0.99,0.99,0.99,0.99,0.99,0.99,0.99,1,1,1,1,1,1,
0.85,0.85,0.85,0.85,0.87,,,,,0.93,0.92,,0.94,,,0.94,0.95,0.95,,,0.97,0.97,0.98,0.99,
,,,,,,,,,,,,,,,,,0.55,,,,,,,
0.99,0.99,,,0.97,0.98,,0.97,0.97,0.97,0.95,0.96,0.96,0.95,0.95,0.95,0.94,0.95,0.95,0.95,0.95,0.95,0.95,0.95,
,,,,,,,,,,,,,,,, , , , ,,0.66,,,
0.98,0.99,0.98,0.98,0.98,0.98,0.98,0.98,0.99,0.99,0.99,0.99,0.99,0.99,0.99,0.99,0.98,0.99,0.99,0.99,0.99,0.99,0.99,1.01,
0.97,0.97,0.97,0.97,0.97,0.97,0.97,,0.98,,,0.99,0.99,1,1.07,1,1,1,1,1,0.99,0.98,1,0.99,
,,,,,0.99,0.99,1,,1,1,1,1,1,1,0.99,1,1,1,1,0.98,0.99,0.99,1.01,
,,,,,,,,,,,0.85,0.84,0.86,0.85,0.88,0.87,0.84,0.87,0.89,0.9,0.89,0.89,,
1.1,1.02,1.01,0.98,1.03,,,,,,,0.99,0.98,,,0.97,0.96,0.94,0.96,0.95,,0.96,,0.96,
1,0.98,0.98,0.97,0.98,0.97,0.97,0.97,0.96,0.96,0.95,0.96,0.94,0.96,0.94,0.94,0.93,0.93,,0.92,0.92,0.9,0.92,,
1,1,1,1.01,1.01,1.01,1.01,1.01,1.03,1.03,1.03,1.03,1.03,1.03,1,1,1,1,0.99,1,1,1,1,1.06,
1.01,1.01,1.01,0.99,1,1,1,,1,0.99,1,1,1,1,1,1,1,1,1,1,1,1,1, ,
0.9,0.91,0.91,0.91,0.91,0.91,0.91,0.92,0.93,0.92,0.93,0.93,0.94,0.96,0.96,0.97,0.97,0.97,0.97,0.97,0.97,0.97,0.97,0.97,
,0.98,0.98,0.96,0.97,0.97,0.95,0.97,0.95,0.94,0.93,0.93,0.96,0.96,0.96,0.97,0.96,0.97,0.97,0.97,0.97,0.97,0.98,,0.99
,0.98,0.98,0.98,,,,,0.98,0.97,0.97,0.98,0.98,,0.98,0.97,0.98,0.98,0.98,0.98,0.98,0.97,0.97,0.97,
,,,0.99,0.99,0.99,0.98,0.98,0.97,0.98,0.99,1,1.01,1,0.99,0.99,0.99,0.99,1,1,1, ,1,,
,,,,,,,,,,,,,,0.92,0.91,, ,0.94,0.95,0.96,0.95,,,
0.64,0.65,0.66,,0.66,0.68,0.69,0.7,0.72,0.75,0.78,0.79,0.81,0.82,0.84,0.85,0.86,0.87,0.88,0.85,0.9,0.91,0.92,0.89,
,,,,,,,,,,1.15,1.13,1.12,1.3,,,,,,,,,,,
0.99,1,1.01,1.01,0.98,0.99,0.97,0.96,0.95,0.95,0.95,0.96,0.96,0.95,0.95,0.97,0.96,0.96,0.95,0.98,0.98,0.99,1,1,
1.02,1,1,1,1,1,0.99,0.99,0.99,0.99,0.99,0.98,0.99,0.97,0.97,0.97,,0.97,0.97,0.96,0.97,,,,
0.87,0.88,0.89,0.9,0.91,0.92,0.93,0.94,0.94,0.94,0.95,0.95,0.96,0.96,0.96,0.96,0.96,0.96,0.96,0.97,0.97,0.97,0.98,0.97,
0.91,0.91,0.91,0.91,0.92,0.92,,0.92,,0.91,0.91,0.92,0.93,0.94,0.94,0.95,0.96,0.97,0.97,0.98,0.99,0.99,0.99,0.99,
,,,,,,,,,,,,,,,,,,,,,,,,0.98
,,,,,,,,,,,,,0.95,1.03,1.04,,,,,,,,,
,,,,,,,,,,1.04,1.13,1.13,1.08,1.03,0.96,0.95,,,,,,,1,
0.8,0.82,0.79,0.8,0.93,0.84,0.87,0.88,0.9,0.91,0.94,0.96,0.98,0.98,0.98,0.99,1,1,1.01,1.01,1.01,1.02,,1.02,
,,,1,1,,,,1,1,1,1,1,1,0.99,1,1,1,1,1,1.01,1.01,1.02,1.02,
0.95,0.96,0.97,0.98,0.98,0.98,0.99,0.98,0.99,0.99, , , , ,0.94,0.96,0.99,0.97,,0.92,0.93,0.93,0.97, ,
1,1.01,1,,,,,,1,1,1,1,1,1,1,1,1,1,1,1,0.99,1,1,1,
0.99,0.98,0.97,0.97,0.98,0.98,0.98,0.99,0.99,1,0.99,0.98,0.97,0.96,0.96,0.96,0.97,0.98,0.99,1,1.02,,1.03,1.04,
0.99,0.98,,0.98,0.99,0.99,0.99,,1.03,1.03,0.98,1,1.01,1,1,0.99,1.01,1,1,1,0.99,1,0.98,0.99,
,0.86,,,,,,,,,,,,,,,,,,,,,,,
0.99,0.99,0.98,0.99,0.99,0.99,0.99,0.99,0.99,0.99,0.98,0.98,0.98,0.98,0.97,0.98,0.97,0.97,0.97,0.97,0.97,,,,
0.99,0.98,0.99,1,0.98,0.96,0.97,1,1,1,1,0.99,0.98,0.99,0.98,0.98,0.98,0.98,0.98,0.98,0.97,0.97,,,
0.98,0.96,0.96,0.97,0.97,,,0.98,0.98,0.98,0.97,0.99,0.99,0.99,0.98,0.97,0.98,0.98,1,0.99,0.99,,,0.96,
,0.99,0.98,0.98,,,0.98,0.98,,0.98,0.98,0.98,0.98,0.98,0.98,0.98,0.98,0.97,0.97,0.97,0.97,0.97,0.98,0.98,
,0.99,,,,0.99,,,0.95,0.93,0.95,0.95,0.95,0.95,0.95,0.95,0.97,0.97,,0.98,0.95,0.96,1.01,0.98,
,,,,,,,,,0.56,,0.62,0.66,0.69,0.71,0.74,,,0.8,,0.82,0.82,0.83,0.84,
,,,,0.91,0.92,0.91,,0.92,0.91,0.92,0.93,0.92,,0.94,0.94,0.97,0.96,0.96,0.98,1,0.98,0.99,0.99,
0.99,0.97,0.99,,,0.97,0.97,,0.97,0.97,0.97,0.97,0.98,0.99,,, ,,,,,,0.99,,